game_id,game_time,away_team,home_team,prediction_date,player_name,player_id,team,home_away,line,over_odds,under_odds,prediction,difference,confidence,edge,recommendation,bookmaker,actual_shots,result
17233f3e18774f0a1544acb5e924ed87,2025-11-26T02:10:00Z,Dallas Stars,Edmonton Oilers,2025-11-25 12:06:43,Connor McDavid,8478402,EDM,A,2.5,-165,126,2.616697304992193,0.1166973049921931,LOW,,NO BET,fanduel,,
17233f3e18774f0a1544acb5e924ed87,2025-11-26T02:10:00Z,Dallas Stars,Edmonton Oilers,2025-11-25 12:06:43,Darnell Nurse,8477498,EDM,A,1.5,-182,138,2.1529262278716765,0.6529262278716765,HIGH,43.528415191445106,BET OVER 1.5,fanduel,,
17233f3e18774f0a1544acb5e924ed87,2025-11-26T02:10:00Z,Dallas Stars,Edmonton Oilers,2025-11-25 12:06:43,Evan Bouchard,8480803,EDM,A,2.5,-114,-114,2.527669642820343,0.0276696428203431,LOW,,NO BET,fanduel,,
17233f3e18774f0a1544acb5e924ed87,2025-11-26T02:10:00Z,Dallas Stars,Edmonton Oilers,2025-11-25 12:06:43,Jack Roslovic,8478458,EDM,A,2.5,158,-210,2.2653377714012795,-0.2346622285987205,LOW,9.386489143948822,BET UNDER 2.5,fanduel,,
17233f3e18774f0a1544acb5e924ed87,2025-11-26T02:10:00Z,Dallas Stars,Edmonton Oilers,2025-11-25 12:06:43,Jason Robertson,8480027,DAL,A,3.5,100,-130,3.636819764906903,0.1368197649069031,LOW,,NO BET,fanduel,,
17233f3e18774f0a1544acb5e924ed87,2025-11-26T02:10:00Z,Dallas Stars,Edmonton Oilers,2025-11-25 12:06:43,Leon Draisaitl,8477934,EDM,A,2.5,-135,104,2.0600515291348405,-0.4399484708651595,MEDIUM,17.59793883460638,BET UNDER 2.5,fanduel,,
17233f3e18774f0a1544acb5e924ed87,2025-11-26T02:10:00Z,Dallas Stars,Edmonton Oilers,2025-11-25 12:06:43,Mattias Ekholm,8475218,EDM,A,1.5,-164,125,2.0308093435131913,0.5308093435131913,HIGH,35.38728956754609,BET OVER 1.5,fanduel,,
17233f3e18774f0a1544acb5e924ed87,2025-11-26T02:10:00Z,Dallas Stars,Edmonton Oilers,2025-11-25 12:06:43,Miro Heiskanen,8480036,DAL,A,2.5,154,-205,2.162224529832515,-0.3377754701674851,MEDIUM,13.511018806699404,BET UNDER 2.5,fanduel,,
17233f3e18774f0a1544acb5e924ed87,2025-11-26T02:10:00Z,Dallas Stars,Edmonton Oilers,2025-11-25 12:06:43,Roope Hintz,8478449,DAL,A,2.5,116,-152,2.5035548864028603,0.0035548864028602,LOW,,NO BET,fanduel,,
17233f3e18774f0a1544acb5e924ed87,2025-11-26T02:10:00Z,Dallas Stars,Edmonton Oilers,2025-11-25 12:06:43,Tyler Seguin,8475794,DAL,A,1.5,-184,140,1.3257982917517006,-0.1742017082482994,LOW,,NO BET,fanduel,,
17233f3e18774f0a1544acb5e924ed87,2025-11-26T02:10:00Z,Dallas Stars,Edmonton Oilers,2025-11-25 12:06:43,Wyatt Johnston,8482740,DAL,A,2.5,-106,-122,2.2473968827427644,-0.2526031172572356,MEDIUM,10.104124690289424,BET UNDER 2.5,fanduel,,
17233f3e18774f0a1544acb5e924ed87,2025-11-26T02:10:00Z,Dallas Stars,Edmonton Oilers,2025-11-25 12:06:43,Zach Hyman,8475786,EDM,A,2.5,-138,106,2.33054708900387,-0.1694529109961293,LOW,,NO BET,fanduel,,
6eb2aa311ba1a37a0e328fd4c1f97bb9,2025-11-27T00:10:00Z,Boston Bruins,New York Islanders,2025-11-26 10:01:05,Anders Lee,8475314,NYI,A,2.5,126,-165,2.089512307942117,-0.4104876920578828,MEDIUM,16.419507682315313,BET UNDER 2.5,fanduel,,
6eb2aa311ba1a37a0e328fd4c1f97bb9,2025-11-27T00:10:00Z,Boston Bruins,New York Islanders,2025-11-26 10:01:05,Bo Horvat,8477500,NYI,A,2.5,-165,126,2.8297931942630616,0.32979319426306164,MEDIUM,13.191727770522466,BET OVER 2.5,fanduel,,
6eb2aa311ba1a37a0e328fd4c1f97bb9,2025-11-27T00:10:00Z,Boston Bruins,New York Islanders,2025-11-26 10:01:05,David Pastrnak,8477956,BOS,A,3.5,-108,-120,2.9125561747285795,-0.5874438252714205,HIGH,16.784109293469157,BET UNDER 3.5,fanduel,,
6eb2aa311ba1a37a0e328fd4c1f97bb9,2025-11-27T00:10:00Z,Boston Bruins,New York Islanders,2025-11-26 10:01:05,Elias Lindholm,8477496,BOS,A,1.5,-128,-102,1.5075309493587774,0.007530949358777406,LOW,,NO BET,fanduel,,
6eb2aa311ba1a37a0e328fd4c1f97bb9,2025-11-27T00:10:00Z,Boston Bruins,New York Islanders,2025-11-26 10:01:05,Emil Heineman,8482476,NYI,A,1.5,-118,-110,1.8062541517634505,0.3062541517634505,MEDIUM,20.4169434508967,BET OVER 1.5,fanduel,,
6eb2aa311ba1a37a0e328fd4c1f97bb9,2025-11-27T00:10:00Z,Boston Bruins,New York Islanders,2025-11-26 10:01:05,Hampus Lindholm,8476854,BOS,A,1.5,-108,-120,1.6386311670672724,0.1386311670672724,LOW,,NO BET,fanduel,,
6eb2aa311ba1a37a0e328fd4c1f97bb9,2025-11-27T00:10:00Z,Boston Bruins,New York Islanders,2025-11-26 10:01:05,Kyle Palmieri,8475151,NYI,A,2.5,106,-138,2.757053786373075,0.2570537863730751,MEDIUM,10.282151454923003,BET OVER 2.5,fanduel,,
6eb2aa311ba1a37a0e328fd4c1f97bb9,2025-11-27T00:10:00Z,Boston Bruins,New York Islanders,2025-11-26 10:01:05,Mathew Barzal,8478445,NYI,A,2.5,-114,-114,2.240439331555896,-0.2595606684441041,MEDIUM,10.382426737764163,BET UNDER 2.5,fanduel,,
6eb2aa311ba1a37a0e328fd4c1f97bb9,2025-11-27T00:10:00Z,Boston Bruins,New York Islanders,2025-11-26 10:01:05,Matthew Schaefer,8485366,NYI,A,2.5,-106,-122,2.4777216206252866,-0.022278379374713442,LOW,,NO BET,fanduel,,
6eb2aa311ba1a37a0e328fd4c1f97bb9,2025-11-27T00:10:00Z,Boston Bruins,New York Islanders,2025-11-26 10:01:05,Michael Eyssimont,8479591,BOS,A,1.5,-125,-104,1.7074155635380905,0.20741556353809054,LOW,13.827704235872703,BET OVER 1.5,fanduel,,
6eb2aa311ba1a37a0e328fd4c1f97bb9,2025-11-27T00:10:00Z,Boston Bruins,New York Islanders,2025-11-26 10:01:05,Morgan Geekie,8479987,BOS,A,2.5,126,-165,2.4054887168421257,-0.09451128315787427,LOW,,NO BET,fanduel,,
6eb2aa311ba1a37a0e328fd4c1f97bb9,2025-11-27T00:10:00Z,Boston Bruins,New York Islanders,2025-11-26 10:01:05,Pavel Zacha,8478401,BOS,A,1.5,-128,-102,1.5567768311884762,0.05677683118847621,LOW,,NO BET,fanduel,,
a5a4a996ac2ef0ca3f4c468eb6bc7e92,2025-11-27T00:10:00Z,Buffalo Sabres,Pittsburgh Penguins,2025-11-26 10:01:06,Alex Tuch,8477949,BUF,A,1.5,-198,150,2.034958299971218,0.5349582999712181,HIGH,35.66388666474787,BET OVER 1.5,fanduel,,
a5a4a996ac2ef0ca3f4c468eb6bc7e92,2025-11-27T00:10:00Z,Buffalo Sabres,Pittsburgh Penguins,2025-11-26 10:01:06,Jack Quinn,8482097,BUF,A,1.5,-188,142,1.8515969650804518,0.3515969650804518,MEDIUM,23.439797672030117,BET OVER 1.5,fanduel,,
a5a4a996ac2ef0ca3f4c468eb6bc7e92,2025-11-27T00:10:00Z,Buffalo Sabres,Pittsburgh Penguins,2025-11-26 10:01:06,Jason Zucker,8475722,BUF,A,1.5,-160,122,1.951468091772404,0.4514680917724041,MEDIUM,30.09787278482694,BET OVER 1.5,fanduel,,
a5a4a996ac2ef0ca3f4c468eb6bc7e92,2025-11-27T00:10:00Z,Buffalo Sabres,Pittsburgh Penguins,2025-11-26 10:01:06,Josh Doan,8482659,BUF,A,2.5,150,-198,2.3492403154649164,-0.1507596845350836,LOW,,NO BET,fanduel,,
a5a4a996ac2ef0ca3f4c468eb6bc7e92,2025-11-27T00:10:00Z,Buffalo Sabres,Pittsburgh Penguins,2025-11-26 10:01:06,Rasmus Dahlin,8480839,BUF,A,2.5,114,-148,2.2791920946798743,-0.22080790532012573,LOW,8.83231621280503,BET UNDER 2.5,fanduel,,
a5a4a996ac2ef0ca3f4c468eb6bc7e92,2025-11-27T00:10:00Z,Buffalo Sabres,Pittsburgh Penguins,2025-11-26 10:01:06,Tage Thompson,8479420,BUF,A,3.5,-102,-128,2.95063122905045,-0.5493687709495498,HIGH,15.696250598558567,BET UNDER 3.5,fanduel,,
272f939f070df242008b7cb5dc315595,2025-11-27T00:10:00Z,Calgary Flames,Tampa Bay Lightning,2025-11-26 10:01:07,Anthony Cirelli,8478519,TBL,A,1.5,-130,100,1.4815385809448125,-0.0184614190551875,LOW,,NO BET,fanduel,,
272f939f070df242008b7cb5dc315595,2025-11-27T00:10:00Z,Calgary Flames,Tampa Bay Lightning,2025-11-26 10:01:07,Blake Coleman,8476399,CGY,A,1.5,-146,112,1.8834432011997653,0.38344320119976527,MEDIUM,25.562880079984353,BET OVER 1.5,fanduel,,
272f939f070df242008b7cb5dc315595,2025-11-27T00:10:00Z,Calgary Flames,Tampa Bay Lightning,2025-11-26 10:01:07,Brandon Hagel,8479542,TBL,A,2.5,-140,108,2.4829951384811997,-0.017004861518800318,LOW,,NO BET,fanduel,,
272f939f070df242008b7cb5dc315595,2025-11-27T00:10:00Z,Calgary Flames,Tampa Bay Lightning,2025-11-26 10:01:07,Darren Raddysh,8478178,TBL,A,1.5,-165,126,2.223550286706693,0.723550286706693,HIGH,48.236685780446194,BET OVER 1.5,fanduel,,
272f939f070df242008b7cb5dc315595,2025-11-27T00:10:00Z,Calgary Flames,Tampa Bay Lightning,2025-11-26 10:01:07,Jake Guentzel,8477404,TBL,A,2.5,-122,-106,2.641750259475657,0.141750259475657,LOW,,NO BET,fanduel,,
272f939f070df242008b7cb5dc315595,2025-11-27T00:10:00Z,Calgary Flames,Tampa Bay Lightning,2025-11-26 10:01:07,Jonathan Huberdeau,8476456,CGY,A,1.5,-108,-120,1.7054661381223226,0.20546613812232262,LOW,13.697742541488175,BET OVER 1.5,fanduel,,
272f939f070df242008b7cb5dc315595,2025-11-27T00:10:00Z,Calgary Flames,Tampa Bay Lightning,2025-11-26 10:01:07,MacKenzie Weegar,8477346,CGY,A,1.5,-170,130,2.2222376923561176,0.7222376923561176,HIGH,48.14917949040784,BET OVER 1.5,fanduel,,
272f939f070df242008b7cb5dc315595,2025-11-27T00:10:00Z,Calgary Flames,Tampa Bay Lightning,2025-11-26 10:01:07,Matt Coronato,8482679,CGY,A,2.5,-102,-128,3.178237629584157,0.678237629584157,HIGH,27.12950518336628,BET OVER 2.5,fanduel,,
272f939f070df242008b7cb5dc315595,2025-11-27T00:10:00Z,Calgary Flames,Tampa Bay Lightning,2025-11-26 10:01:07,Mikael Backlund,8474150,CGY,A,1.5,-176,134,2.134061635146051,0.6340616351460509,HIGH,42.27077567640339,BET OVER 1.5,fanduel,,
272f939f070df242008b7cb5dc315595,2025-11-27T00:10:00Z,Calgary Flames,Tampa Bay Lightning,2025-11-26 10:01:07,Morgan Frost,8480028,CGY,A,1.5,-122,-106,1.9775371649253564,0.47753716492535636,MEDIUM,31.835810995023756,BET OVER 1.5,fanduel,,
272f939f070df242008b7cb5dc315595,2025-11-27T00:10:00Z,Calgary Flames,Tampa Bay Lightning,2025-11-26 10:01:07,Nazem Kadri,8475172,CGY,A,2.5,-156,120,2.8450437189990754,0.3450437189990754,MEDIUM,13.801748759963015,BET OVER 2.5,fanduel,,
272f939f070df242008b7cb5dc315595,2025-11-27T00:10:00Z,Calgary Flames,Tampa Bay Lightning,2025-11-26 10:01:07,Nikita Kucherov,8476453,TBL,A,3.5,106,-138,2.8647949936289616,-0.6352050063710384,HIGH,18.148714467743954,BET UNDER 3.5,fanduel,,
272f939f070df242008b7cb5dc315595,2025-11-27T00:10:00Z,Calgary Flames,Tampa Bay Lightning,2025-11-26 10:01:07,Oliver Bjorkstrand,8477416,TBL,A,1.5,-140,108,1.9089234179573134,0.40892341795731335,MEDIUM,27.261561197154222,BET OVER 1.5,fanduel,,
272f939f070df242008b7cb5dc315595,2025-11-27T00:10:00Z,Calgary Flames,Tampa Bay Lightning,2025-11-26 10:01:07,Rasmus Andersson,8478397,CGY,A,1.5,-165,126,2.069456079742413,0.5694560797424129,HIGH,37.96373864949419,BET OVER 1.5,fanduel,,
f8c8d057b11c76a73940c09bbc605f86,2025-11-27T00:10:00Z,New York Rangers,Carolina Hurricanes,2025-11-26 10:01:08,Adam Fox,8479323,NYR,A,1.5,-146,112,2.0504135754131703,0.5504135754131703,HIGH,36.69423836087802,BET OVER 1.5,fanduel,,
f8c8d057b11c76a73940c09bbc605f86,2025-11-27T00:10:00Z,New York Rangers,Carolina Hurricanes,2025-11-26 10:01:08,Alexis Lafrenière,8482109,NYR,A,1.5,110,-144,1.7740264465832891,0.2740264465832891,MEDIUM,18.268429772219275,BET OVER 1.5,fanduel,,
f8c8d057b11c76a73940c09bbc605f86,2025-11-27T00:10:00Z,New York Rangers,Carolina Hurricanes,2025-11-26 10:01:08,Andrei Svechnikov,8480830,CAR,A,2.5,-140,108,2.8268628250775696,0.3268628250775696,MEDIUM,13.074513003102783,BET OVER 2.5,fanduel,,
f8c8d057b11c76a73940c09bbc605f86,2025-11-27T00:10:00Z,New York Rangers,Carolina Hurricanes,2025-11-26 10:01:08,Artemi Panarin,8478550,NYR,A,2.5,-113,-115,2.467583860950175,-0.03241613904982499,LOW,,NO BET,fanduel,,
f8c8d057b11c76a73940c09bbc605f86,2025-11-27T00:10:00Z,New York Rangers,Carolina Hurricanes,2025-11-26 10:01:08,Jackson Blake,8482809,CAR,A,1.5,-156,120,1.873036312590997,0.373036312590997,MEDIUM,24.869087506066467,BET OVER 1.5,fanduel,,
f8c8d057b11c76a73940c09bbc605f86,2025-11-27T00:10:00Z,New York Rangers,Carolina Hurricanes,2025-11-26 10:01:08,K'Andre Miller,8480817,CAR,A,1.5,-125,-104,2.0593424589336453,0.5593424589336453,HIGH,37.28949726224302,BET OVER 1.5,fanduel,,
f8c8d057b11c76a73940c09bbc605f86,2025-11-27T00:10:00Z,New York Rangers,Carolina Hurricanes,2025-11-26 10:01:08,Logan Stankoven,8482702,CAR,A,1.5,-192,146,1.9410434196800288,0.4410434196800288,MEDIUM,29.40289464533525,BET OVER 1.5,fanduel,,
f8c8d057b11c76a73940c09bbc605f86,2025-11-27T00:10:00Z,New York Rangers,Carolina Hurricanes,2025-11-26 10:01:08,Mika Zibanejad,8476459,NYR,A,2.5,128,-168,2.6817328684678956,0.1817328684678956,LOW,,NO BET,fanduel,,
f8c8d057b11c76a73940c09bbc605f86,2025-11-27T00:10:00Z,New York Rangers,Carolina Hurricanes,2025-11-26 10:01:08,Nikolaj Ehlers,8477940,CAR,A,2.5,100,-130,2.4059258241168187,-0.09407417588318134,LOW,,NO BET,fanduel,,
f8c8d057b11c76a73940c09bbc605f86,2025-11-27T00:10:00Z,New York Rangers,Carolina Hurricanes,2025-11-26 10:01:08,Sean Walker,8480336,CAR,A,2.5,142,-188,2.3409904293887087,-0.15900957061129128,LOW,,NO BET,fanduel,,
f8c8d057b11c76a73940c09bbc605f86,2025-11-27T00:10:00Z,New York Rangers,Carolina Hurricanes,2025-11-26 10:01:08,Sebastian Aho,8478427,CAR,A,2.5,-120,-110,2.5416829103914265,0.041682910391426464,LOW,,NO BET,fanduel,,
f8c8d057b11c76a73940c09bbc605f86,2025-11-27T00:10:00Z,New York Rangers,Carolina Hurricanes,2025-11-26 10:01:08,Seth Jarvis,8482093,CAR,A,2.5,-108,-120,2.5612564398647546,0.0612564398647546,LOW,,NO BET,fanduel,,
f8c8d057b11c76a73940c09bbc605f86,2025-11-27T00:10:00Z,New York Rangers,Carolina Hurricanes,2025-11-26 10:01:08,Shayne Gostisbehere,8476906,CAR,A,1.5,-130,100,1.6510292921516296,0.15102929215162963,LOW,,NO BET,fanduel,,
f8c8d057b11c76a73940c09bbc605f86,2025-11-27T00:10:00Z,New York Rangers,Carolina Hurricanes,2025-11-26 10:01:08,Vincent Trocheck,8476389,NYR,A,1.5,-144,110,1.1835482429062332,-0.31645175709376683,MEDIUM,21.09678380625112,BET UNDER 1.5,fanduel,,
f8c8d057b11c76a73940c09bbc605f86,2025-11-27T00:10:00Z,New York Rangers,Carolina Hurricanes,2025-11-26 10:01:08,Will Cuylle,8482157,NYR,A,1.5,-152,116,2.1341553284801966,0.6341553284801966,HIGH,42.27702189867977,BET OVER 1.5,fanduel,,
cae7c572d4b38bab5aeda474f13c77c6,2025-11-27T00:10:00Z,Toronto Maple Leafs,Columbus Blue Jackets,2025-11-26 10:01:09,Bobby McMann,8482259,TOR,A,1.5,-152,116,1.6821016010621344,0.18210160106213436,LOW,,NO BET,fanduel,,
cae7c572d4b38bab5aeda474f13c77c6,2025-11-27T00:10:00Z,Toronto Maple Leafs,Columbus Blue Jackets,2025-11-26 10:01:09,Easton Cowan,8484158,TOR,A,2.5,118,-154,1.9051720909201484,-0.5948279090798516,HIGH,23.793116363194063,BET UNDER 2.5,fanduel,,
cae7c572d4b38bab5aeda474f13c77c6,2025-11-27T00:10:00Z,Toronto Maple Leafs,Columbus Blue Jackets,2025-11-26 10:01:09,John Tavares,8475166,TOR,A,3.5,122,-160,2.86679972193208,-0.6332002780679198,HIGH,18.09143651622628,BET UNDER 3.5,fanduel,,
cae7c572d4b38bab5aeda474f13c77c6,2025-11-27T00:10:00Z,Toronto Maple Leafs,Columbus Blue Jackets,2025-11-26 10:01:09,Morgan Rielly,8476853,TOR,A,1.5,-144,110,1.8003088443490785,0.30030884434907845,MEDIUM,20.0205896232719,BET OVER 1.5,fanduel,,
cae7c572d4b38bab5aeda474f13c77c6,2025-11-27T00:10:00Z,Toronto Maple Leafs,Columbus Blue Jackets,2025-11-26 10:01:09,Nicholas Robertson,8481582,TOR,A,1.5,-114,-114,1.8419575581908179,0.34195755819081786,MEDIUM,22.797170546054524,BET OVER 1.5,fanduel,,
cae7c572d4b38bab5aeda474f13c77c6,2025-11-27T00:10:00Z,Toronto Maple Leafs,Columbus Blue Jackets,2025-11-26 10:01:09,William Nylander,8477939,TOR,A,3.5,134,-176,2.3081883416332625,-1.1918116583667375,HIGH,34.05176166762107,BET UNDER 3.5,fanduel,,
09ff0091cb0e9da8391a81ced295ac0e,2025-11-27T00:10:00Z,Nashville Predators,Detroit Red Wings,2025-11-26 10:01:10,Alex DeBrincat,8479337,DET,A,3.5,120,-156,3.7840685576375233,0.28406855763752326,MEDIUM,8.116244503929236,BET OVER 3.5,fanduel,,
09ff0091cb0e9da8391a81ced295ac0e,2025-11-27T00:10:00Z,Nashville Predators,Detroit Red Wings,2025-11-26 10:01:10,Dylan Larkin,8477946,DET,A,2.5,-144,110,2.8699643060165934,0.36996430601659336,MEDIUM,14.798572240663734,BET OVER 2.5,fanduel,,
09ff0091cb0e9da8391a81ced295ac0e,2025-11-27T00:10:00Z,Nashville Predators,Detroit Red Wings,2025-11-26 10:01:10,Filip Forsberg,8476887,NSH,A,2.5,-168,128,2.7786763944458546,0.27867639444585457,MEDIUM,11.147055777834183,BET OVER 2.5,fanduel,,
09ff0091cb0e9da8391a81ced295ac0e,2025-11-27T00:10:00Z,Nashville Predators,Detroit Red Wings,2025-11-26 10:01:10,Jonathan Marchessault,8476539,NSH,A,1.5,-178,136,2.3368316020295414,0.8368316020295414,HIGH,55.7887734686361,BET OVER 1.5,fanduel,,
09ff0091cb0e9da8391a81ced295ac0e,2025-11-27T00:10:00Z,Nashville Predators,Detroit Red Wings,2025-11-26 10:01:10,Lucas Raymond,8482078,DET,A,2.5,100,-130,2.3471482257839025,-0.15285177421609752,LOW,,NO BET,fanduel,,
09ff0091cb0e9da8391a81ced295ac0e,2025-11-27T00:10:00Z,Nashville Predators,Detroit Red Wings,2025-11-26 10:01:10,Luke Evangelista,8482146,NSH,A,1.5,-174,132,2.208732088869861,0.7087320888698612,HIGH,47.24880592465741,BET OVER 1.5,fanduel,,
09ff0091cb0e9da8391a81ced295ac0e,2025-11-27T00:10:00Z,Nashville Predators,Detroit Red Wings,2025-11-26 10:01:10,Moritz Seider,8481542,DET,A,2.5,146,-192,2.4450194132473317,-0.05498058675266826,LOW,,NO BET,fanduel,,
09ff0091cb0e9da8391a81ced295ac0e,2025-11-27T00:10:00Z,Nashville Predators,Detroit Red Wings,2025-11-26 10:01:10,Patrick Kane,8474141,DET,A,2.5,110,-144,2.4653874824002457,-0.034612517599754256,LOW,,NO BET,fanduel,,
09ff0091cb0e9da8391a81ced295ac0e,2025-11-27T00:10:00Z,Nashville Predators,Detroit Red Wings,2025-11-26 10:01:10,Roman Josi,8474600,NSH,A,2.5,-110,-120,2.054247467966599,-0.44575253203340104,MEDIUM,17.83010128133604,BET UNDER 2.5,fanduel,,
09ff0091cb0e9da8391a81ced295ac0e,2025-11-27T00:10:00Z,Nashville Predators,Detroit Red Wings,2025-11-26 10:01:10,Ryan O'Reilly,8475158,NSH,A,1.5,-106,-122,1.6243149203076257,0.1243149203076257,LOW,,NO BET,fanduel,,
09ff0091cb0e9da8391a81ced295ac0e,2025-11-27T00:10:00Z,Nashville Predators,Detroit Red Wings,2025-11-26 10:01:10,Steven Stamkos,8474564,NSH,A,1.5,-128,-102,1.9542741543316173,0.45427415433161733,MEDIUM,30.284943622107825,BET OVER 1.5,fanduel,,
459e0229ae3134dd7719c1e690a27e4f,2025-11-27T00:10:00Z,Philadelphia Flyers,Florida Panthers,2025-11-26 10:01:11,Anton Lundell,8482113,FLA,A,1.5,-170,130,1.8822879705247988,0.3822879705247988,MEDIUM,25.485864701653256,BET OVER 1.5,fanduel,,
459e0229ae3134dd7719c1e690a27e4f,2025-11-27T00:10:00Z,Philadelphia Flyers,Florida Panthers,2025-11-26 10:01:11,Brad Marchand,8473419,FLA,A,2.5,116,-152,2.584318009363669,0.08431800936366907,LOW,,NO BET,fanduel,,
459e0229ae3134dd7719c1e690a27e4f,2025-11-27T00:10:00Z,Philadelphia Flyers,Florida Panthers,2025-11-26 10:01:11,Carter Verhaeghe,8477409,FLA,A,2.5,100,-130,1.945234553404639,-0.5547654465953611,HIGH,22.190617863814445,BET UNDER 2.5,fanduel,,
459e0229ae3134dd7719c1e690a27e4f,2025-11-27T00:10:00Z,Philadelphia Flyers,Florida Panthers,2025-11-26 10:01:11,Evan Rodrigues,8478542,FLA,A,1.5,-196,148,2.4141693113979734,0.9141693113979734,HIGH,60.9446207598649,BET OVER 1.5,fanduel,,
459e0229ae3134dd7719c1e690a27e4f,2025-11-27T00:10:00Z,Philadelphia Flyers,Florida Panthers,2025-11-26 10:01:11,Mackie Samoskevich,8482713,FLA,A,1.5,-146,112,1.570835950275667,0.07083595027566703,LOW,,NO BET,fanduel,,
459e0229ae3134dd7719c1e690a27e4f,2025-11-27T00:10:00Z,Philadelphia Flyers,Florida Panthers,2025-11-26 10:01:11,Matvei Michkov,8484387,PHI,A,1.5,-135,104,1.7155459427111022,0.21554594271110217,LOW,14.369729514073478,BET OVER 1.5,fanduel,,
459e0229ae3134dd7719c1e690a27e4f,2025-11-27T00:10:00Z,Philadelphia Flyers,Florida Panthers,2025-11-26 10:01:11,Noah Cates,8480220,PHI,A,1.5,-104,-125,1.959452610253812,0.4594526102538119,MEDIUM,30.63017401692079,BET OVER 1.5,fanduel,,
459e0229ae3134dd7719c1e690a27e4f,2025-11-27T00:10:00Z,Philadelphia Flyers,Florida Panthers,2025-11-26 10:01:11,Owen Tippett,8480015,PHI,A,1.5,-164,125,2.3644481441312055,0.8644481441312055,HIGH,57.62987627541371,BET OVER 1.5,fanduel,,
459e0229ae3134dd7719c1e690a27e4f,2025-11-27T00:10:00Z,Philadelphia Flyers,Florida Panthers,2025-11-26 10:01:11,Sam Bennett,8477935,FLA,A,2.5,126,-168,1.8929601116953019,-0.6070398883046981,HIGH,24.281595532187925,BET UNDER 2.5,fanduel,,
459e0229ae3134dd7719c1e690a27e4f,2025-11-27T00:10:00Z,Philadelphia Flyers,Florida Panthers,2025-11-26 10:01:11,Sam Reinhart,8477933,FLA,A,2.5,-114,-114,2.571594875424945,0.07159487542494514,LOW,,NO BET,fanduel,,
459e0229ae3134dd7719c1e690a27e4f,2025-11-27T00:10:00Z,Philadelphia Flyers,Florida Panthers,2025-11-26 10:01:11,Seth Jones,8477495,FLA,A,1.5,-140,108,1.76259008914469,0.26259008914468995,MEDIUM,17.50600594297933,BET OVER 1.5,fanduel,,
459e0229ae3134dd7719c1e690a27e4f,2025-11-27T00:10:00Z,Philadelphia Flyers,Florida Panthers,2025-11-26 10:01:11,Travis Konecny,8478439,PHI,A,1.5,-188,142,2.195079571551005,0.695079571551005,HIGH,46.33863810340033,BET OVER 1.5,fanduel,,
459e0229ae3134dd7719c1e690a27e4f,2025-11-27T00:10:00Z,Philadelphia Flyers,Florida Panthers,2025-11-26 10:01:11,Trevor Zegras,8481533,PHI,A,1.5,-160,122,2.365786100029095,0.8657861000290952,HIGH,57.71907333527301,BET OVER 1.5,fanduel,,
459e0229ae3134dd7719c1e690a27e4f,2025-11-27T00:10:00Z,Philadelphia Flyers,Florida Panthers,2025-11-26 10:01:11,Tyson Foerster,8482159,PHI,A,1.5,-130,100,1.8631879047284556,0.36318790472845563,MEDIUM,24.212526981897042,BET OVER 1.5,fanduel,,
676660d6af51818790de596ec2fe6dd9,2025-11-27T00:10:00Z,St Louis Blues,New Jersey Devils,2025-11-26 10:01:12,Arseny Gritsyuk,8481721,NJD,A,1.5,-196,148,2.4440968798323426,0.9440968798323426,HIGH,62.93979198882283,BET OVER 1.5,fanduel,,
676660d6af51818790de596ec2fe6dd9,2025-11-27T00:10:00Z,St Louis Blues,New Jersey Devils,2025-11-26 10:01:12,Dawson Mercer,8482110,NJD,A,1.5,-148,114,1.9536334074673638,0.4536334074673638,MEDIUM,30.24222716449092,BET OVER 1.5,fanduel,,
676660d6af51818790de596ec2fe6dd9,2025-11-27T00:10:00Z,St Louis Blues,New Jersey Devils,2025-11-26 10:01:12,Dougie Hamilton,8476462,NJD,A,2.5,-102,-128,2.3008026177159056,-0.19919738228409445,LOW,,NO BET,fanduel,,
676660d6af51818790de596ec2fe6dd9,2025-11-27T00:10:00Z,St Louis Blues,New Jersey Devils,2025-11-26 10:01:12,Dylan Holloway,8482077,STL,A,1.5,-130,100,1.8748125872973913,0.3748125872973913,MEDIUM,24.987505819826087,BET OVER 1.5,fanduel,,
676660d6af51818790de596ec2fe6dd9,2025-11-27T00:10:00Z,St Louis Blues,New Jersey Devils,2025-11-26 10:01:12,Jesper Bratt,8479407,NJD,A,2.5,142,-188,2.306658298478873,-0.19334170152112717,LOW,,NO BET,fanduel,,
676660d6af51818790de596ec2fe6dd9,2025-11-27T00:10:00Z,St Louis Blues,New Jersey Devils,2025-11-26 10:01:12,Jimmy Snuggerud,8483516,STL,A,1.5,-130,100,2.0242476376960012,0.5242476376960012,HIGH,34.94984251306675,BET OVER 1.5,fanduel,,
676660d6af51818790de596ec2fe6dd9,2025-11-27T00:10:00Z,St Louis Blues,New Jersey Devils,2025-11-26 10:01:12,Jordan Kyrou,8479385,STL,A,2.5,-102,-128,2.47905447750516,-0.020945522494840052,LOW,,NO BET,fanduel,,
676660d6af51818790de596ec2fe6dd9,2025-11-27T00:10:00Z,St Louis Blues,New Jersey Devils,2025-11-26 10:01:12,Justin Faulk,8475753,STL,A,1.5,-108,-120,1.74850559700671,0.24850559700671004,LOW,16.567039800447336,BET OVER 1.5,fanduel,,
676660d6af51818790de596ec2fe6dd9,2025-11-27T00:10:00Z,St Louis Blues,New Jersey Devils,2025-11-26 10:01:12,Luke Hughes,8482684,NJD,A,1.5,-170,130,2.087773604750445,0.5877736047504452,HIGH,39.18490698336301,BET OVER 1.5,fanduel,,
676660d6af51818790de596ec2fe6dd9,2025-11-27T00:10:00Z,St Louis Blues,New Jersey Devils,2025-11-26 10:01:12,Nico Hischier,8480002,NJD,A,2.5,112,-146,1.9718751167408475,-0.5281248832591525,HIGH,21.1249953303661,BET UNDER 2.5,fanduel,,
676660d6af51818790de596ec2fe6dd9,2025-11-27T00:10:00Z,St Louis Blues,New Jersey Devils,2025-11-26 10:01:12,Pavel Buchnevich,8477402,STL,A,1.5,-128,-102,1.7047765685071685,0.20477656850716852,LOW,13.651771233811235,BET OVER 1.5,fanduel,,
676660d6af51818790de596ec2fe6dd9,2025-11-27T00:10:00Z,St Louis Blues,New Jersey Devils,2025-11-26 10:01:12,Pius Suter,8480459,STL,A,1.5,-114,-114,1.424999690423033,-0.0750003095769669,LOW,,NO BET,fanduel,,
676660d6af51818790de596ec2fe6dd9,2025-11-27T00:10:00Z,St Louis Blues,New Jersey Devils,2025-11-26 10:01:12,Robert Thomas,8480023,STL,A,1.5,-106,-122,1.449418949480603,-0.0505810505193971,LOW,,NO BET,fanduel,,
676660d6af51818790de596ec2fe6dd9,2025-11-27T00:10:00Z,St Louis Blues,New Jersey Devils,2025-11-26 10:01:12,Timo Meier,8478414,NJD,A,2.5,-170,130,2.8028665718825363,0.3028665718825363,MEDIUM,12.114662875301452,BET OVER 2.5,fanduel,,
975fe4a2226b5c8b6a793353ccb41e25,2025-11-27T00:10:00Z,Winnipeg Jets,Washington Capitals,2025-11-26 10:01:13,Alex Ovechkin,8471214,WSH,A,2.5,-148,114,2.2006239580397504,-0.2993760419602496,MEDIUM,11.975041678409983,BET UNDER 2.5,fanduel,,
975fe4a2226b5c8b6a793353ccb41e25,2025-11-27T00:10:00Z,Winnipeg Jets,Washington Capitals,2025-11-26 10:01:13,Aliaksei Protas,8481656,WSH,A,1.5,-130,100,2.0954011328610735,0.5954011328610735,HIGH,39.693408857404904,BET OVER 1.5,fanduel,,
975fe4a2226b5c8b6a793353ccb41e25,2025-11-27T00:10:00Z,Winnipeg Jets,Washington Capitals,2025-11-26 10:01:13,Cole Perfetti,8482149,WPG,A,1.5,-132,102,1.966355640910379,0.46635564091037907,MEDIUM,31.090376060691938,BET OVER 1.5,fanduel,,
975fe4a2226b5c8b6a793353ccb41e25,2025-11-27T00:10:00Z,Winnipeg Jets,Washington Capitals,2025-11-26 10:01:13,Connor McMichael,8481580,WSH,A,1.5,-138,106,1.9113256621227286,0.4113256621227286,MEDIUM,27.421710808181903,BET OVER 1.5,fanduel,,
975fe4a2226b5c8b6a793353ccb41e25,2025-11-27T00:10:00Z,Winnipeg Jets,Washington Capitals,2025-11-26 10:01:13,Dylan Strome,8478440,WSH,A,1.5,-128,-102,1.862062188481493,0.36206218848149296,MEDIUM,24.137479232099533,BET OVER 1.5,fanduel,,
975fe4a2226b5c8b6a793353ccb41e25,2025-11-27T00:10:00Z,Winnipeg Jets,Washington Capitals,2025-11-26 10:01:13,Gabriel Vilardi,8480014,WPG,A,1.5,-176,134,2.4833548638857357,0.9833548638857357,HIGH,65.55699092571571,BET OVER 1.5,fanduel,,
975fe4a2226b5c8b6a793353ccb41e25,2025-11-27T00:10:00Z,Winnipeg Jets,Washington Capitals,2025-11-26 10:01:13,Jakob Chychrun,8479345,WSH,A,2.5,-146,112,2.797305548704887,0.297305548704887,MEDIUM,11.89222194819548,BET OVER 2.5,fanduel,,
975fe4a2226b5c8b6a793353ccb41e25,2025-11-27T00:10:00Z,Winnipeg Jets,Washington Capitals,2025-11-26 10:01:13,John Carlson,8474590,WSH,A,1.5,-160,122,1.9336669967608753,0.4336669967608753,MEDIUM,28.911133117391685,BET OVER 1.5,fanduel,,
975fe4a2226b5c8b6a793353ccb41e25,2025-11-27T00:10:00Z,Winnipeg Jets,Washington Capitals,2025-11-26 10:01:13,Josh Morrissey,8477504,WPG,A,1.5,-135,104,1.8673520322109982,0.3673520322109982,MEDIUM,24.490135480733212,BET OVER 1.5,fanduel,,
975fe4a2226b5c8b6a793353ccb41e25,2025-11-27T00:10:00Z,Winnipeg Jets,Washington Capitals,2025-11-26 10:01:13,Kyle Connor,8478398,WPG,A,2.5,-152,116,3.012094320513507,0.5120943205135071,HIGH,20.483772820540285,BET OVER 2.5,fanduel,,
975fe4a2226b5c8b6a793353ccb41e25,2025-11-27T00:10:00Z,Winnipeg Jets,Washington Capitals,2025-11-26 10:01:13,Mark Scheifele,8476460,WPG,A,1.5,-168,128,2.1883976653942274,0.6883976653942274,HIGH,45.8931776929485,BET OVER 1.5,fanduel,,
975fe4a2226b5c8b6a793353ccb41e25,2025-11-27T00:10:00Z,Winnipeg Jets,Washington Capitals,2025-11-26 10:01:13,Ryan Leonard,8484186,WSH,A,1.5,-176,134,1.6859505061811624,0.18595050618116238,LOW,,NO BET,fanduel,,
975fe4a2226b5c8b6a793353ccb41e25,2025-11-27T00:10:00Z,Winnipeg Jets,Washington Capitals,2025-11-26 10:01:13,Tom Wilson,8476880,WSH,A,1.5,-178,136,2.1727273107695315,0.6727273107695315,HIGH,44.84848738463543,BET OVER 1.5,fanduel,,
19f788b8f77d2206e84d02c6bb1f6d2b,2025-11-27T01:40:00Z,Minnesota Wild,Chicago Blackhawks,2025-11-26 10:01:14,Andre Burakovsky,8477444,CHI,A,1.5,-128,-102,1.5612668570271073,0.061266857027107324,LOW,,NO BET,fanduel,,
19f788b8f77d2206e84d02c6bb1f6d2b,2025-11-27T01:40:00Z,Minnesota Wild,Chicago Blackhawks,2025-11-26 10:01:14,Brock Faber,8482122,MIN,A,1.5,-130,100,1.9970201370771645,0.4970201370771645,MEDIUM,33.134675805144305,BET OVER 1.5,fanduel,,
19f788b8f77d2206e84d02c6bb1f6d2b,2025-11-27T01:40:00Z,Minnesota Wild,Chicago Blackhawks,2025-11-26 10:01:14,Connor Bedard,8484144,CHI,A,2.5,-160,122,2.8612928421057786,0.3612928421057786,MEDIUM,14.451713684231143,BET OVER 2.5,fanduel,,
19f788b8f77d2206e84d02c6bb1f6d2b,2025-11-27T01:40:00Z,Minnesota Wild,Chicago Blackhawks,2025-11-26 10:01:14,Frank Nazar,8483493,CHI,A,1.5,-160,122,1.8863813177948203,0.3863813177948203,MEDIUM,25.758754519654687,BET OVER 1.5,fanduel,,
19f788b8f77d2206e84d02c6bb1f6d2b,2025-11-27T01:40:00Z,Minnesota Wild,Chicago Blackhawks,2025-11-26 10:01:14,Ilya Mikheyev,8481624,CHI,A,1.5,-110,-118,1.4504941781741127,-0.04950582182588725,LOW,,NO BET,fanduel,,
19f788b8f77d2206e84d02c6bb1f6d2b,2025-11-27T01:40:00Z,Minnesota Wild,Chicago Blackhawks,2025-11-26 10:01:14,Joel Eriksson Ek,8478493,MIN,A,2.5,-178,136,2.829048593463609,0.32904859346360915,MEDIUM,13.161943738544366,BET OVER 2.5,fanduel,,
19f788b8f77d2206e84d02c6bb1f6d2b,2025-11-27T01:40:00Z,Minnesota Wild,Chicago Blackhawks,2025-11-26 10:01:14,Kirill Kaprizov,8478864,MIN,A,3.5,-102,-128,3.0948045737339416,-0.4051954262660584,MEDIUM,11.577012179030241,BET UNDER 3.5,fanduel,,
19f788b8f77d2206e84d02c6bb1f6d2b,2025-11-27T01:40:00Z,Minnesota Wild,Chicago Blackhawks,2025-11-26 10:01:14,Marcus Johansson,8475149,MIN,A,1.5,-114,-114,1.4361413993122756,-0.06385860068772442,LOW,,NO BET,fanduel,,
19f788b8f77d2206e84d02c6bb1f6d2b,2025-11-27T01:40:00Z,Minnesota Wild,Chicago Blackhawks,2025-11-26 10:01:14,Mats Zuccarello,8475692,MIN,A,2.5,148,-196,1.5671366215088838,-0.9328633784911162,HIGH,37.31453513964465,BET UNDER 2.5,fanduel,,
19f788b8f77d2206e84d02c6bb1f6d2b,2025-11-27T01:40:00Z,Minnesota Wild,Chicago Blackhawks,2025-11-26 10:01:14,Matt Boldy,8481557,MIN,A,3.5,122,-160,2.9791065349919656,-0.5208934650080344,HIGH,14.882670428800981,BET UNDER 3.5,fanduel,,
19f788b8f77d2206e84d02c6bb1f6d2b,2025-11-27T01:40:00Z,Minnesota Wild,Chicago Blackhawks,2025-11-26 10:01:14,Ryan Donato,8477987,CHI,A,1.5,-130,100,1.6032127160286522,0.10321271602865223,LOW,,NO BET,fanduel,,
19f788b8f77d2206e84d02c6bb1f6d2b,2025-11-27T01:40:00Z,Minnesota Wild,Chicago Blackhawks,2025-11-26 10:01:14,Tyler Bertuzzi,8477479,CHI,A,1.5,-152,116,2.3213337136359837,0.8213337136359837,HIGH,54.755580909065586,BET OVER 1.5,fanduel,,
5788e3c35f3424103cc6b6a1577a27ef,2025-11-27T02:10:00Z,San Jose Sharks,Colorado Avalanche,2025-11-26 10:01:15,Artturi Lehkonen,8477476,COL,A,2.5,-110,-118,2.6111702039831983,0.11117020398319832,LOW,,NO BET,fanduel,,
5788e3c35f3424103cc6b6a1577a27ef,2025-11-27T02:10:00Z,San Jose Sharks,Colorado Avalanche,2025-11-26 10:01:15,Brent Burns,8470613,COL,A,1.5,-178,136,1.768843725303372,0.26884372530337197,MEDIUM,17.922915020224796,BET OVER 1.5,fanduel,,
5788e3c35f3424103cc6b6a1577a27ef,2025-11-27T02:10:00Z,San Jose Sharks,Colorado Avalanche,2025-11-26 10:01:15,Brock Nelson,8475754,COL,A,1.5,-170,130,1.662826878848652,0.162826878848652,LOW,,NO BET,fanduel,,
5788e3c35f3424103cc6b6a1577a27ef,2025-11-27T02:10:00Z,San Jose Sharks,Colorado Avalanche,2025-11-26 10:01:15,Cale Makar,8480069,COL,A,3.5,130,-170,2.3862840609665623,-1.1137159390334377,HIGH,31.82045540095536,BET UNDER 3.5,fanduel,,
5788e3c35f3424103cc6b6a1577a27ef,2025-11-27T02:10:00Z,San Jose Sharks,Colorado Avalanche,2025-11-26 10:01:15,Devon Toews,8478038,COL,A,1.5,-130,100,1.1228273130436195,-0.3771726869563805,MEDIUM,25.144845797092035,BET UNDER 1.5,fanduel,,
5788e3c35f3424103cc6b6a1577a27ef,2025-11-27T02:10:00Z,San Jose Sharks,Colorado Avalanche,2025-11-26 10:01:15,Gabriel Landeskog,8476455,COL,A,2.5,106,-138,1.5466349804440571,-0.9533650195559429,HIGH,38.13460078223771,BET UNDER 2.5,fanduel,,
5788e3c35f3424103cc6b6a1577a27ef,2025-11-27T02:10:00Z,San Jose Sharks,Colorado Avalanche,2025-11-26 10:01:15,Macklin Celebrini,8484801,SJS,A,2.5,-148,114,2.4816551667046207,-0.01834483329537928,LOW,,NO BET,fanduel,,
5788e3c35f3424103cc6b6a1577a27ef,2025-11-27T02:10:00Z,San Jose Sharks,Colorado Avalanche,2025-11-26 10:01:15,Martin Necas,8480039,COL,A,2.5,-108,-120,2.0134891094173066,-0.48651089058269337,MEDIUM,19.460435623307735,BET UNDER 2.5,fanduel,,
5788e3c35f3424103cc6b6a1577a27ef,2025-11-27T02:10:00Z,San Jose Sharks,Colorado Avalanche,2025-11-26 10:01:15,Nathan MacKinnon,8477492,COL,A,4.5,100,-130,3.5672611039244844,-0.9327388960755156,HIGH,20.727531023900347,BET UNDER 4.5,fanduel,,
5788e3c35f3424103cc6b6a1577a27ef,2025-11-27T02:10:00Z,San Jose Sharks,Colorado Avalanche,2025-11-26 10:01:15,Philipp Kurashev,8480798,SJS,A,1.5,-108,-120,1.7296658720280522,0.22966587202805222,LOW,15.311058135203481,BET OVER 1.5,fanduel,,
5788e3c35f3424103cc6b6a1577a27ef,2025-11-27T02:10:00Z,San Jose Sharks,Colorado Avalanche,2025-11-26 10:01:15,Ross Colton,8479525,COL,A,2.5,130,-170,2.1365638421833517,-0.3634361578166483,MEDIUM,14.53744631266593,BET UNDER 2.5,fanduel,,
5788e3c35f3424103cc6b6a1577a27ef,2025-11-27T02:10:00Z,San Jose Sharks,Colorado Avalanche,2025-11-26 10:01:15,Victor Olofsson,8478109,COL,A,1.5,-176,134,2.0709944392327655,0.5709944392327655,HIGH,38.06629594885103,BET OVER 1.5,fanduel,,
5788e3c35f3424103cc6b6a1577a27ef,2025-11-27T02:10:00Z,San Jose Sharks,Colorado Avalanche,2025-11-26 10:01:15,Will Smith,8484227,SJS,A,1.5,-188,142,2.086796565294374,0.5867965652943741,HIGH,39.119771019624935,BET OVER 1.5,fanduel,,
5788e3c35f3424103cc6b6a1577a27ef,2025-11-27T02:10:00Z,San Jose Sharks,Colorado Avalanche,2025-11-26 10:01:15,William Eklund,8482667,SJS,A,1.5,-178,136,2.152967756791346,0.6529677567913459,HIGH,43.53118378608973,BET OVER 1.5,fanduel,,
f1c3eac95b46f77cd2ac2cd4c70b4f1e,2025-11-27T02:40:00Z,Montréal Canadiens,Utah Mammoth,2025-11-26 10:01:16,Barrett Hayton,8480849,UTA,A,1.5,-144,110,1.5542309438226105,0.05423094382261051,LOW,,NO BET,fanduel,,
f1c3eac95b46f77cd2ac2cd4c70b4f1e,2025-11-27T02:40:00Z,Montréal Canadiens,Utah Mammoth,2025-11-26 10:01:16,Brendan Gallagher,8475848,MTL,A,1.5,-113,-115,1.4542514390807872,-0.045748560919212755,LOW,,NO BET,fanduel,,
f1c3eac95b46f77cd2ac2cd4c70b4f1e,2025-11-27T02:40:00Z,Montréal Canadiens,Utah Mammoth,2025-11-26 10:01:16,Clayton Keller,8479343,UTA,A,2.5,-110,-118,2.468284998977768,-0.03171500102223179,LOW,,NO BET,fanduel,,
f1c3eac95b46f77cd2ac2cd4c70b4f1e,2025-11-27T02:40:00Z,Montréal Canadiens,Utah Mammoth,2025-11-26 10:01:16,Cole Caufield,8481540,MTL,A,2.5,-144,110,2.7055272813321514,0.20552728133215137,LOW,8.221091253286055,BET OVER 2.5,fanduel,,
f1c3eac95b46f77cd2ac2cd4c70b4f1e,2025-11-27T02:40:00Z,Montréal Canadiens,Utah Mammoth,2025-11-26 10:01:16,Dylan Guenther,8482699,UTA,A,2.5,-174,132,2.965906868593261,0.4659068685932608,MEDIUM,18.636274743730432,BET OVER 2.5,fanduel,,
f1c3eac95b46f77cd2ac2cd4c70b4f1e,2025-11-27T02:40:00Z,Montréal Canadiens,Utah Mammoth,2025-11-26 10:01:16,JJ Peterka,8482175,UTA,A,1.5,-190,144,1.6919965911864934,0.19199659118649337,LOW,,NO BET,fanduel,,
f1c3eac95b46f77cd2ac2cd4c70b4f1e,2025-11-27T02:40:00Z,Montréal Canadiens,Utah Mammoth,2025-11-26 10:01:16,Logan Cooley,8483431,UTA,A,1.5,-148,114,1.7988395537689608,0.29883955376896076,MEDIUM,19.922636917930717,BET OVER 1.5,fanduel,,
f1c3eac95b46f77cd2ac2cd4c70b4f1e,2025-11-27T02:40:00Z,Montréal Canadiens,Utah Mammoth,2025-11-26 10:01:16,Mikhail Sergachev,8479410,UTA,A,1.5,-148,114,2.0380998234070975,0.5380998234070975,HIGH,35.873321560473165,BET OVER 1.5,fanduel,,
f1c3eac95b46f77cd2ac2cd4c70b4f1e,2025-11-27T02:40:00Z,Montréal Canadiens,Utah Mammoth,2025-11-26 10:01:16,Nick Schmaltz,8477951,UTA,A,2.5,146,-192,2.1487169928650585,-0.35128300713494154,MEDIUM,14.051320285397662,BET UNDER 2.5,fanduel,,
f1c3eac95b46f77cd2ac2cd4c70b4f1e,2025-11-27T02:40:00Z,Montréal Canadiens,Utah Mammoth,2025-11-26 10:01:16,Nick Suzuki,8480018,MTL,A,1.5,-174,132,1.9574337701322897,0.4574337701322897,MEDIUM,30.495584675485983,BET OVER 1.5,fanduel,,
f1c3eac95b46f77cd2ac2cd4c70b4f1e,2025-11-27T02:40:00Z,Montréal Canadiens,Utah Mammoth,2025-11-26 10:01:16,Noah Dobson,8480865,MTL,A,1.5,-138,106,1.9240346057483013,0.4240346057483013,MEDIUM,28.26897371655342,BET OVER 1.5,fanduel,,
f1c3eac95b46f77cd2ac2cd4c70b4f1e,2025-11-27T02:40:00Z,Montréal Canadiens,Utah Mammoth,2025-11-26 10:01:16,Zack Bolduc,8482737,MTL,A,1.5,-132,102,1.2757621854892849,-0.22423781451071512,LOW,14.949187634047675,BET UNDER 1.5,fanduel,,
db110ec1d1452a4b98b8605492d48d2f,2025-11-27T03:10:00Z,Vancouver Canucks,Anaheim Ducks,2025-11-26 10:01:17,Beckett Sennecke,8484762,ANA,A,1.5,-140,108,1.5376304730379065,0.03763047303790645,LOW,,NO BET,fanduel,,
db110ec1d1452a4b98b8605492d48d2f,2025-11-27T03:10:00Z,Vancouver Canucks,Anaheim Ducks,2025-11-26 10:01:17,Brock Boeser,8478444,VAN,A,1.5,-205,154,2.3411943170779947,0.8411943170779947,HIGH,56.079621138532985,BET OVER 1.5,fanduel,,
db110ec1d1452a4b98b8605492d48d2f,2025-11-27T03:10:00Z,Vancouver Canucks,Anaheim Ducks,2025-11-26 10:01:17,Chris Kreider,8475184,ANA,A,2.5,146,-192,2.0170700911208117,-0.4829299088791883,MEDIUM,19.317196355167532,BET UNDER 2.5,fanduel,,
db110ec1d1452a4b98b8605492d48d2f,2025-11-27T03:10:00Z,Vancouver Canucks,Anaheim Ducks,2025-11-26 10:01:17,Conor Garland,8478856,VAN,A,2.5,122,-160,2.2518947274875525,-0.24810527251244752,LOW,9.9242109004979,BET UNDER 2.5,fanduel,,
db110ec1d1452a4b98b8605492d48d2f,2025-11-27T03:10:00Z,Vancouver Canucks,Anaheim Ducks,2025-11-26 10:01:17,Cutter Gauthier,8483445,ANA,A,3.5,-118,-110,3.2783700224623047,-0.2216299775376953,LOW,6.332285072505581,BET UNDER 3.5,fanduel,,
db110ec1d1452a4b98b8605492d48d2f,2025-11-27T03:10:00Z,Vancouver Canucks,Anaheim Ducks,2025-11-26 10:01:17,Evander Kane,8475169,VAN,A,2.5,-118,-110,2.7693059225755032,0.26930592257550323,MEDIUM,10.77223690302013,BET OVER 2.5,fanduel,,
db110ec1d1452a4b98b8605492d48d2f,2025-11-27T03:10:00Z,Vancouver Canucks,Anaheim Ducks,2025-11-26 10:01:17,Frank Vatrano,8478366,ANA,A,1.5,-128,-102,1.3771823712868085,-0.12281762871319146,LOW,,NO BET,fanduel,,
db110ec1d1452a4b98b8605492d48d2f,2025-11-27T03:10:00Z,Vancouver Canucks,Anaheim Ducks,2025-11-26 10:01:17,Jackson LaCombe,8481605,ANA,A,1.5,-165,126,2.0314733792245616,0.5314733792245616,HIGH,35.431558614970776,BET OVER 1.5,fanduel,,
db110ec1d1452a4b98b8605492d48d2f,2025-11-27T03:10:00Z,Vancouver Canucks,Anaheim Ducks,2025-11-26 10:01:17,Jake DeBrusk,8478498,VAN,A,2.5,118,-154,2.610395182421655,0.11039518242165514,LOW,,NO BET,fanduel,,
db110ec1d1452a4b98b8605492d48d2f,2025-11-27T03:10:00Z,Vancouver Canucks,Anaheim Ducks,2025-11-26 10:01:18,Kiefer Sherwood,8480748,VAN,A,1.5,-154,118,1.7484702139516446,0.2484702139516446,LOW,16.564680930109642,BET OVER 1.5,fanduel,,
db110ec1d1452a4b98b8605492d48d2f,2025-11-27T03:10:00Z,Vancouver Canucks,Anaheim Ducks,2025-11-26 10:01:18,Leo Carlsson,8484153,ANA,A,2.5,136,-178,2.508724314412447,0.008724314412447143,LOW,,NO BET,fanduel,,
db110ec1d1452a4b98b8605492d48d2f,2025-11-27T03:10:00Z,Vancouver Canucks,Anaheim Ducks,2025-11-26 10:01:18,Mason McTavish,8482745,ANA,A,1.5,-178,136,1.2951479433524862,-0.20485205664751382,LOW,13.656803776500922,BET UNDER 1.5,fanduel,,
db110ec1d1452a4b98b8605492d48d2f,2025-11-27T03:10:00Z,Vancouver Canucks,Anaheim Ducks,2025-11-26 10:01:18,Olen Zellweger,8482803,ANA,A,1.5,-135,104,2.0185978840171863,0.5185978840171863,HIGH,34.573192267812416,BET OVER 1.5,fanduel,,
db110ec1d1452a4b98b8605492d48d2f,2025-11-27T03:10:00Z,Vancouver Canucks,Anaheim Ducks,2025-11-26 10:01:18,Quinn Hughes,8480800,VAN,A,2.5,-140,108,2.382357412823369,-0.1176425871766309,LOW,,NO BET,fanduel,,
db110ec1d1452a4b98b8605492d48d2f,2025-11-27T03:10:00Z,Vancouver Canucks,Anaheim Ducks,2025-11-26 10:01:18,Troy Terry,8478873,ANA,A,2.5,102,-132,2.3394915679394472,-0.16050843206055276,LOW,,NO BET,fanduel,,
4cd86be87d336b9c01abe2cd2d0fe2ee,2025-11-27T03:10:00Z,Dallas Stars,Seattle Kraken,2025-11-26 10:01:18,Brandon Montour,8477986,SEA,A,2.5,126,-165,2.158602073280964,-0.3413979267190359,MEDIUM,13.655917068761436,BET UNDER 2.5,fanduel,,
4cd86be87d336b9c01abe2cd2d0fe2ee,2025-11-27T03:10:00Z,Dallas Stars,Seattle Kraken,2025-11-26 10:01:18,Jaden Schwartz,8475768,SEA,A,1.5,-205,154,2.0273306185637567,0.5273306185637567,HIGH,35.15537457091711,BET OVER 1.5,fanduel,,
4cd86be87d336b9c01abe2cd2d0fe2ee,2025-11-27T03:10:00Z,Dallas Stars,Seattle Kraken,2025-11-26 10:01:18,Jared McCann,8477955,SEA,A,2.5,100,-130,2.48964988814434,-0.010350111855660149,LOW,,NO BET,fanduel,,
4cd86be87d336b9c01abe2cd2d0fe2ee,2025-11-27T03:10:00Z,Dallas Stars,Seattle Kraken,2025-11-26 10:01:18,Jason Robertson,8480027,DAL,A,3.5,-102,-128,3.636819764906903,0.13681976490690317,LOW,,NO BET,fanduel,,
4cd86be87d336b9c01abe2cd2d0fe2ee,2025-11-27T03:10:00Z,Dallas Stars,Seattle Kraken,2025-11-26 10:01:18,Jordan Eberle,8474586,SEA,A,2.5,136,-178,2.4815657612618596,-0.01843423873814043,LOW,,NO BET,fanduel,,
4cd86be87d336b9c01abe2cd2d0fe2ee,2025-11-27T03:10:00Z,Dallas Stars,Seattle Kraken,2025-11-26 10:01:19,Mason Marchment,8478975,SEA,A,1.5,-146,112,1.6730808195219053,0.17308081952190535,LOW,,NO BET,fanduel,,
4cd86be87d336b9c01abe2cd2d0fe2ee,2025-11-27T03:10:00Z,Dallas Stars,Seattle Kraken,2025-11-26 10:01:19,Matty Beniers,8482665,SEA,A,1.5,-148,114,1.2119180291926304,-0.28808197080736964,MEDIUM,19.205464720491307,BET UNDER 1.5,fanduel,,
4cd86be87d336b9c01abe2cd2d0fe2ee,2025-11-27T03:10:00Z,Dallas Stars,Seattle Kraken,2025-11-26 10:01:19,Mikko Rantanen,8478420,DAL,A,2.5,-110,-118,2.397452583024715,-0.10254741697528491,LOW,,NO BET,fanduel,,
4cd86be87d336b9c01abe2cd2d0fe2ee,2025-11-27T03:10:00Z,Dallas Stars,Seattle Kraken,2025-11-26 10:01:19,Miro Heiskanen,8480036,DAL,A,2.5,148,-196,2.162224529832515,-0.3377754701674851,MEDIUM,13.511018806699404,BET UNDER 2.5,fanduel,,
4cd86be87d336b9c01abe2cd2d0fe2ee,2025-11-27T03:10:00Z,Dallas Stars,Seattle Kraken,2025-11-26 10:01:19,Roope Hintz,8478449,DAL,A,2.5,125,-164,2.5035548864028603,0.00355488640286028,LOW,,NO BET,fanduel,,
4cd86be87d336b9c01abe2cd2d0fe2ee,2025-11-27T03:10:00Z,Dallas Stars,Seattle Kraken,2025-11-26 10:01:19,Tyler Seguin,8475794,DAL,A,1.5,-120,-108,1.3257982917517006,-0.1742017082482994,LOW,,NO BET,fanduel,,
4cd86be87d336b9c01abe2cd2d0fe2ee,2025-11-27T03:10:00Z,Dallas Stars,Seattle Kraken,2025-11-26 10:01:19,Vince Dunn,8478407,SEA,A,1.5,-174,132,2.0965076994838117,0.5965076994838117,HIGH,39.767179965587445,BET OVER 1.5,fanduel,,
4cd86be87d336b9c01abe2cd2d0fe2ee,2025-11-27T03:10:00Z,Dallas Stars,Seattle Kraken,2025-11-26 10:01:19,Wyatt Johnston,8482740,DAL,A,2.5,100,-130,2.2473968827427644,-0.2526031172572356,MEDIUM,10.104124690289424,BET UNDER 2.5,fanduel,,
f974fe52a4a6e831e99419d932c15f04,2025-11-27T03:10:00Z,Ottawa Senators,Vegas Golden Knights,2025-11-26 10:01:19,Braeden Bowman,8483890,VGK,A,1.5,-154,118,2.0401569612070416,0.5401569612070416,HIGH,36.01046408046944,BET OVER 1.5,fanduel,,
f974fe52a4a6e831e99419d932c15f04,2025-11-27T03:10:00Z,Ottawa Senators,Vegas Golden Knights,2025-11-26 10:01:19,Claude Giroux,8473512,OTT,A,1.5,-106,-122,2.113996899974184,0.6139968999741838,HIGH,40.93312666494559,BET OVER 1.5,fanduel,,
f974fe52a4a6e831e99419d932c15f04,2025-11-27T03:10:00Z,Ottawa Senators,Vegas Golden Knights,2025-11-26 10:01:19,Drake Batherson,8480208,OTT,A,2.5,146,-192,2.0442656091561164,-0.45573439084388356,MEDIUM,18.229375633755343,BET UNDER 2.5,fanduel,,
f974fe52a4a6e831e99419d932c15f04,2025-11-27T03:10:00Z,Ottawa Senators,Vegas Golden Knights,2025-11-26 10:01:19,Dylan Cozens,8481528,OTT,A,2.5,144,-190,1.8632410972695272,-0.6367589027304728,HIGH,25.470356109218912,BET UNDER 2.5,fanduel,,
f974fe52a4a6e831e99419d932c15f04,2025-11-27T03:10:00Z,Ottawa Senators,Vegas Golden Knights,2025-11-26 10:01:20,Fabian Zetterlund,8480188,OTT,A,1.5,-110,-118,1.3207601653358572,-0.17923983466414284,LOW,,NO BET,fanduel,,
f974fe52a4a6e831e99419d932c15f04,2025-11-27T03:10:00Z,Ottawa Senators,Vegas Golden Knights,2025-11-26 10:01:20,Jack Eichel,8478403,VGK,A,3.5,116,-152,3.407486132247638,-0.09251386775236181,LOW,,NO BET,fanduel,,
f974fe52a4a6e831e99419d932c15f04,2025-11-27T03:10:00Z,Ottawa Senators,Vegas Golden Knights,2025-11-26 10:01:20,Jake Sanderson,8482105,OTT,A,2.5,130,-170,2.078649403530832,-0.42135059646916817,MEDIUM,16.854023858766727,BET UNDER 2.5,fanduel,,
f974fe52a4a6e831e99419d932c15f04,2025-11-27T03:10:00Z,Ottawa Senators,Vegas Golden Knights,2025-11-26 10:01:20,Mitch Marner,8478483,VGK,A,1.5,-146,112,1.6427784357278157,0.14277843572781568,LOW,,NO BET,fanduel,,
f974fe52a4a6e831e99419d932c15f04,2025-11-27T03:10:00Z,Ottawa Senators,Vegas Golden Knights,2025-11-26 10:01:20,Noah Hanifin,8478396,VGK,A,1.5,-154,118,2.6329216903740615,1.1329216903740615,HIGH,75.5281126916041,BET OVER 1.5,fanduel,,
f974fe52a4a6e831e99419d932c15f04,2025-11-27T03:10:00Z,Ottawa Senators,Vegas Golden Knights,2025-11-26 10:01:20,Pavel Dorofeyev,8481604,VGK,A,2.5,-132,102,2.4602740661538585,-0.03972593384614154,LOW,,NO BET,fanduel,,
f974fe52a4a6e831e99419d932c15f04,2025-11-27T03:10:00Z,Ottawa Senators,Vegas Golden Knights,2025-11-26 10:01:20,Shane Pinto,8481596,OTT,A,1.5,-154,118,2.307103614738871,0.807103614738871,HIGH,53.80690764925807,BET OVER 1.5,fanduel,,
f974fe52a4a6e831e99419d932c15f04,2025-11-27T03:10:00Z,Ottawa Senators,Vegas Golden Knights,2025-11-26 10:01:20,Shea Theodore,8477447,VGK,A,1.5,-154,118,2.119967420417701,0.619967420417701,HIGH,41.331161361180065,BET OVER 1.5,fanduel,,
f974fe52a4a6e831e99419d932c15f04,2025-11-27T03:10:00Z,Ottawa Senators,Vegas Golden Knights,2025-11-26 10:01:20,Tim Stützle,8482116,OTT,A,2.5,144,-190,2.2794186124508107,-0.22058138754918932,LOW,8.823255501967573,BET UNDER 2.5,fanduel,,
f974fe52a4a6e831e99419d932c15f04,2025-11-27T03:10:00Z,Ottawa Senators,Vegas Golden Knights,2025-11-26 10:01:20,Tomas Hertl,8476881,VGK,A,2.5,116,-152,2.7445868673602036,0.24458686736020363,LOW,9.783474694408145,BET OVER 2.5,fanduel,,
